timestamp,open,high,low,close,volume
2024-01-01T00:00:00+00:00,370.0,372.544623,368.100347,369.85741,58478.61
2024-01-02T00:00:00+00:00,369.85741,370.943022,369.622977,370.797514,59337.25
2024-01-03T00:00:00+00:00,370.797514,374.200817,365.935976,368.958363,55769.08
2024-01-04T00:00:00+00:00,368.958363,376.771736,368.8337,373.776315,39325.08
2024-01-05T00:00:00+00:00,373.776315,380.618569,371.72946,377.679038,58830.7
2024-01-06T00:00:00+00:00,377.679038,382.563338,374.713014,375.51893,63271.47
2024-01-07T00:00:00+00:00,375.51893,383.222742,374.706134,377.486669,54401.55
2024-01-08T00:00:00+00:00,377.486669,379.944572,373.97908,377.96438,79777.31
2024-01-09T00:00:00+00:00,377.96438,381.607323,375.484805,378.271409,32860.2
2024-01-10T00:00:00+00:00,378.271409,383.788303,377.606679,380.740581,46715.64
2024-01-11T00:00:00+00:00,380.740581,391.106763,378.83465,388.345069,74208.94
2024-01-12T00:00:00+00:00,388.345069,393.684545,386.956879,393.390029,40760.86
2024-01-13T00:00:00+00:00,393.390029,395.684766,385.895292,387.486263,67667.05
2024-01-14T00:00:00+00:00,387.486263,392.432118,385.118262,391.237899,36152.42
2024-01-15T00:00:00+00:00,391.237899,400.261519,389.687261,399.402459,35027.85
2024-01-16T00:00:00+00:00,399.402459,401.370978,397.705508,399.073174,78064.93
2024-01-17T00:00:00+00:00,399.073174,410.625357,396.397784,408.809253,67127.0
2024-01-18T00:00:00+00:00,408.809253,409.877351,405.401586,405.865725,72418.37
2024-01-19T00:00:00+00:00,405.865725,411.573475,399.41583,401.200302,35789.89
2024-01-20T00:00:00+00:00,401.200302,403.60231,398.954388,399.259572,53108.48
2024-01-21T00:00:00+00:00,399.259572,408.266787,396.539085,407.384599,65526.5
2024-01-22T00:00:00+00:00,407.384599,414.853956,406.188554,409.768255,53823.54
2024-01-23T00:00:00+00:00,409.768255,411.861815,402.677223,405.938579,65375.44
2024-01-24T00:00:00+00:00,405.938579,409.20916,404.529758,406.556005,37703.73
2024-01-25T00:00:00+00:00,406.556005,411.133376,404.616164,409.048084,60845.07
2024-01-26T00:00:00+00:00,409.048084,413.970805,404.493889,407.427801,61372.03
2024-01-27T00:00:00+00:00,407.427801,414.386675,407.195007,411.134609,69655.37
2024-01-28T00:00:00+00:00,411.134609,414.936176,408.77704,413.801295,45258.95
2024-01-29T00:00:00+00:00,413.801295,414.296368,406.528407,407.899151,32701.29
2024-01-30T00:00:00+00:00,407.899151,414.95666,404.825957,412.340471,38733.97
2024-01-31T00:00:00+00:00,412.340471,412.78383,410.139157,411.635839,43594.33
2024-02-01T00:00:00+00:00,411.635839,413.107269,409.917144,412.330403,39632.05
2024-02-02T00:00:00+00:00,412.330403,416.040072,404.373371,408.49964,39896.78
2024-02-03T00:00:00+00:00,408.49964,413.162176,404.533446,411.110171,60862.58
2024-02-04T00:00:00+00:00,411.110171,416.302133,408.540935,416.216731,38271.94
2024-02-05T00:00:00+00:00,416.216731,419.33042,408.682806,410.845235,56763.16
2024-02-06T00:00:00+00:00,410.845235,411.80481,408.465082,410.772072,44562.63
2024-02-07T00:00:00+00:00,410.772072,414.52829,410.621408,412.047928,29698.77
2024-02-08T00:00:00+00:00,412.047928,414.371737,403.887068,406.595282,64113.31
2024-02-09T00:00:00+00:00,406.595282,414.086391,404.894418,411.963623,32651.84
2024-02-10T00:00:00+00:00,411.963623,422.923625,410.838022,416.026564,19620.57
2024-02-11T00:00:00+00:00,416.026564,417.687172,412.16251,414.629667,33913.76
2024-02-12T00:00:00+00:00,414.629667,415.629738,411.429043,413.503557,44037.71
2024-02-13T00:00:00+00:00,413.503557,416.100844,405.398038,405.753785,52409.79
2024-02-14T00:00:00+00:00,405.753785,412.018445,405.327835,409.896828,45592.96
2024-02-15T00:00:00+00:00,409.896828,411.07436,404.024011,407.226298,59694.84
2024-02-16T00:00:00+00:00,407.226298,407.259693,401.469725,404.483221,31356.7
2024-02-17T00:00:00+00:00,404.483221,407.411628,402.745081,406.651247,47274.01
2024-02-18T00:00:00+00:00,406.651247,418.113062,405.201079,414.864586,36103.2
2024-02-19T00:00:00+00:00,414.864586,421.004277,413.704707,416.176629,51813.04
2024-02-20T00:00:00+00:00,416.176629,422.473649,414.74979,420.731959,55986.35
2024-02-21T00:00:00+00:00,420.731959,421.372993,411.672875,412.915764,46147.21
2024-02-22T00:00:00+00:00,412.915764,428.199605,409.440989,422.856858,46490.06
2024-02-23T00:00:00+00:00,422.856858,425.318398,417.843632,421.882556,77313.6
2024-02-24T00:00:00+00:00,421.882556,422.264585,417.051088,421.741511,58596.35
2024-02-25T00:00:00+00:00,421.741511,424.064271,412.538949,416.474188,50070.98
2024-02-26T00:00:00+00:00,416.474188,418.428975,413.562409,414.698361,63833.91
2024-02-27T00:00:00+00:00,414.698361,424.970109,413.996021,423.320801,48579.49
2024-02-28T00:00:00+00:00,423.320801,432.889044,419.088852,430.787035,25100.07
2024-02-29T00:00:00+00:00,430.787035,435.028074,428.89981,431.491313,75843.92
2024-03-01T00:00:00+00:00,431.491313,431.943486,429.693743,430.079892,57604.38
2024-03-02T00:00:00+00:00,430.079892,431.45407,425.641221,429.071948,47154.04
2024-03-03T00:00:00+00:00,429.071948,429.77027,427.329783,428.815498,27662.42
2024-03-04T00:00:00+00:00,428.815498,430.737555,424.320449,425.864364,43315.65
2024-03-05T00:00:00+00:00,425.864364,426.610679,421.226367,422.561353,31853.2
2024-03-06T00:00:00+00:00,422.561353,424.036335,421.92344,423.971569,55232.54
2024-03-07T00:00:00+00:00,423.971569,426.437194,423.190905,425.96509,54658.8
2024-03-08T00:00:00+00:00,425.96509,429.362296,425.137962,429.09841,40328.17
2024-03-09T00:00:00+00:00,429.09841,429.863508,429.071358,429.811221,49256.86
2024-03-10T00:00:00+00:00,429.811221,431.696842,426.769805,430.012589,76800.16
2024-03-11T00:00:00+00:00,430.012589,433.552478,428.916344,432.796649,40272.01
2024-03-12T00:00:00+00:00,432.796649,433.212709,431.140089,432.244375,91508.96
2024-03-13T00:00:00+00:00,432.244375,432.713185,428.215641,429.330138,32142.12
2024-03-14T00:00:00+00:00,429.330138,432.233006,428.451611,430.707407,38679.23
2024-03-15T00:00:00+00:00,430.707407,432.635497,429.909729,432.332334,57452.39
2024-03-16T00:00:00+00:00,432.332334,433.40635,430.475017,431.962222,31050.83
2024-03-17T00:00:00+00:00,431.962222,433.572575,429.592104,432.974589,49283.93
2024-03-18T00:00:00+00:00,432.974589,435.286839,431.384389,432.486108,40410.1
2024-03-19T00:00:00+00:00,432.486108,433.137611,431.665942,432.321431,98238.93
2024-03-20T00:00:00+00:00,432.321431,433.949019,428.633799,429.70668,54273.29
2024-03-21T00:00:00+00:00,429.70668,430.168782,427.132622,428.042052,55193.59
2024-03-22T00:00:00+00:00,428.042052,433.191378,427.158019,431.176802,81811.73
2024-03-23T00:00:00+00:00,431.176802,437.907899,430.252488,436.35129,35106.77
2024-03-24T00:00:00+00:00,436.35129,436.381195,435.025639,435.85961,34527.3
2024-03-25T00:00:00+00:00,435.85961,438.441267,433.042236,433.080473,27029.94
2024-03-26T00:00:00+00:00,433.080473,434.649949,430.823773,431.40502,23566.89
2024-03-27T00:00:00+00:00,431.40502,431.603854,426.312844,427.326816,45282.79
2024-03-28T00:00:00+00:00,427.326816,430.939269,426.388658,429.555437,75269.28
2024-03-29T00:00:00+00:00,429.555437,431.226228,428.443503,430.516217,76737.94
2024-03-30T00:00:00+00:00,430.516217,435.388471,429.152933,433.372945,38875.22
2024-03-31T00:00:00+00:00,433.372945,436.655473,413.368916,415.08526,76624.3
2024-04-01T00:00:00+00:00,415.08526,419.244473,399.1197,399.384801,51129.83
2024-04-02T00:00:00+00:00,399.384801,401.029508,391.14685,391.225279,30394.43
2024-04-03T00:00:00+00:00,391.225279,395.916948,386.459321,394.079763,30577.8
2024-04-04T00:00:00+00:00,394.079763,406.667505,391.964641,402.162234,36736.41
2024-04-05T00:00:00+00:00,402.162234,413.945153,393.836259,410.923869,70728.29
2024-04-06T00:00:00+00:00,410.923869,430.475102,401.842699,423.202238,38355.63
2024-04-07T00:00:00+00:00,423.202238,425.273392,415.614241,416.554978,49359.48
2024-04-08T00:00:00+00:00,416.554978,430.222978,414.477389,427.71782,79063.41
2024-04-09T00:00:00+00:00,427.71782,432.375029,412.954383,418.788325,37409.79
2024-04-10T00:00:00+00:00,418.788325,423.77607,414.260668,420.996479,49953.72
2024-04-11T00:00:00+00:00,420.996479,425.652283,419.851449,424.588652,29692.92
2024-04-12T00:00:00+00:00,424.588652,432.316846,412.185218,414.674558,42708.44
2024-04-13T00:00:00+00:00,414.674558,419.757169,407.495619,409.693409,61657.2
2024-04-14T00:00:00+00:00,409.693409,420.86737,407.891918,416.692016,50503.59
2024-04-15T00:00:00+00:00,416.692016,424.61615,415.051329,420.313147,40264.66
2024-04-16T00:00:00+00:00,420.313147,423.630588,415.527582,417.009124,49206.44
2024-04-17T00:00:00+00:00,417.009124,423.806747,415.567544,422.640658,57588.52
2024-04-18T00:00:00+00:00,422.640658,427.749963,421.397302,422.24372,40771.31
2024-04-19T00:00:00+00:00,422.24372,427.630279,412.09472,414.220311,55873.73
2024-04-20T00:00:00+00:00,414.220311,415.124917,404.98634,407.828173,34579.19
2024-04-21T00:00:00+00:00,407.828173,408.58387,399.55757,400.78711,60797.93
2024-04-22T00:00:00+00:00,400.78711,401.394622,397.336428,399.918226,74754.92
2024-04-23T00:00:00+00:00,399.918226,400.07757,387.040262,391.779548,44111.22
2024-04-24T00:00:00+00:00,391.779548,398.75439,391.370071,398.744903,37242.57
2024-04-25T00:00:00+00:00,398.744903,405.204041,392.636654,400.735395,25315.78
2024-04-26T00:00:00+00:00,400.735395,412.181931,395.31016,404.437286,28739.37
2024-04-27T00:00:00+00:00,404.437286,417.940549,404.246249,415.699421,25149.74
2024-04-28T00:00:00+00:00,415.699421,419.155394,411.560736,413.723904,38340.3
2024-04-29T00:00:00+00:00,413.723904,415.883896,392.167491,401.139345,110667.6
2024-04-30T00:00:00+00:00,401.139345,412.619418,400.697636,408.57766,47466.34
2024-05-01T00:00:00+00:00,408.57766,414.521749,394.970478,397.782196,74712.94
2024-05-02T00:00:00+00:00,397.782196,409.725,395.820948,405.929291,132250.47
2024-05-03T00:00:00+00:00,405.929291,406.731071,401.626522,403.588721,48133.6
2024-05-04T00:00:00+00:00,403.588721,408.730818,392.332013,398.558432,69598.38
2024-05-05T00:00:00+00:00,398.558432,403.869496,393.473576,394.277109,58141.29
2024-05-06T00:00:00+00:00,394.277109,395.414956,379.413647,384.506041,41975.93
2024-05-07T00:00:00+00:00,384.506041,388.620993,383.095169,383.668173,77003.62
2024-05-08T00:00:00+00:00,383.668173,392.073804,378.756714,390.132623,59239.38
2024-05-09T00:00:00+00:00,390.132623,397.332104,389.242229,393.896847,41327.3
2024-05-10T00:00:00+00:00,393.896847,398.067214,388.35067,389.6433,33799.07
2024-05-11T00:00:00+00:00,389.6433,390.994356,374.032361,382.656204,24891.9
2024-05-12T00:00:00+00:00,382.656204,383.076556,377.20889,377.474015,38278.93
2024-05-13T00:00:00+00:00,377.474015,380.03978,371.026299,378.950301,79331.43
2024-05-14T00:00:00+00:00,378.950301,391.136377,374.394968,389.590961,35843.14
2024-05-15T00:00:00+00:00,389.590961,395.75694,389.236402,394.563441,48836.62
2024-05-16T00:00:00+00:00,394.563441,398.939729,393.84395,395.406671,31990.0
2024-05-17T00:00:00+00:00,395.406671,400.424481,394.931929,399.482227,92974.08
2024-05-18T00:00:00+00:00,399.482227,400.795741,398.939471,399.10883,61359.84
2024-05-19T00:00:00+00:00,399.10883,404.287197,399.022786,401.063685,50274.7
2024-05-20T00:00:00+00:00,401.063685,403.439055,400.900888,403.067073,75622.05
2024-05-21T00:00:00+00:00,403.067073,406.534735,397.191932,398.788151,25915.14
2024-05-22T00:00:00+00:00,398.788151,398.88083,397.816768,397.846543,61084.51
2024-05-23T00:00:00+00:00,397.846543,401.847392,397.754589,401.294296,63857.16
2024-05-24T00:00:00+00:00,401.294296,404.055858,399.569965,403.725336,47830.59
2024-05-25T00:00:00+00:00,403.725336,405.612813,402.103507,403.064107,68450.66
2024-05-26T00:00:00+00:00,403.064107,403.504821,399.313187,400.057947,46801.84
2024-05-27T00:00:00+00:00,400.057947,405.472894,398.293932,402.806563,29575.25
2024-05-28T00:00:00+00:00,402.806563,404.546707,401.307574,403.938253,74637.18
2024-05-29T00:00:00+00:00,403.938253,404.702931,403.176528,404.492247,60186.65
2024-05-30T00:00:00+00:00,404.492247,407.859247,400.096808,403.901595,26414.63
2024-05-31T00:00:00+00:00,403.901595,404.211073,403.157317,403.193949,69308.4
2024-06-01T00:00:00+00:00,403.193949,410.029736,399.045474,407.969301,46078.38
2024-06-02T00:00:00+00:00,407.969301,414.589832,406.658644,414.269054,46209.42
2024-06-03T00:00:00+00:00,414.269054,415.958412,410.878105,414.646001,72944.02
2024-06-04T00:00:00+00:00,414.646001,416.567058,412.083066,415.668461,77028.36
2024-06-05T00:00:00+00:00,415.668461,422.563095,414.925537,419.950714,74503.1
2024-06-06T00:00:00+00:00,419.950714,430.408008,417.622466,425.70044,64172.51
2024-06-07T00:00:00+00:00,425.70044,433.579056,424.871442,428.963285,55780.29
2024-06-08T00:00:00+00:00,428.963285,430.142352,426.760352,428.013757,46249.15
2024-06-09T00:00:00+00:00,428.013757,429.171294,425.704146,426.271201,30208.3
2024-06-10T00:00:00+00:00,426.271201,427.378304,424.620042,424.732247,42301.93
2024-06-11T00:00:00+00:00,424.732247,427.054446,424.389925,426.398107,48856.99
2024-06-12T00:00:00+00:00,426.398107,430.341205,421.498078,429.103731,57252.27
2024-06-13T00:00:00+00:00,429.103731,429.909841,424.075569,426.447665,81470.89
2024-06-14T00:00:00+00:00,426.447665,426.49485,424.148296,424.827924,79583.72
2024-06-15T00:00:00+00:00,424.827924,425.449778,419.942665,421.421279,36966.69
2024-06-16T00:00:00+00:00,421.421279,426.077383,420.81895,424.848568,46241.58
2024-06-17T00:00:00+00:00,424.848568,427.435647,422.493947,425.219699,72606.05
2024-06-18T00:00:00+00:00,425.219699,427.854595,421.852816,423.6906,118711.8
2024-06-19T00:00:00+00:00,423.6906,426.134246,421.509566,424.907312,51020.02
2024-06-20T00:00:00+00:00,424.907312,426.341694,423.655815,425.838527,56208.55
2024-06-21T00:00:00+00:00,425.838527,432.912935,425.24071,432.220407,52897.94
2024-06-22T00:00:00+00:00,432.220407,435.905484,432.175994,433.4431,125974.31
2024-06-23T00:00:00+00:00,433.4431,440.252245,431.956376,438.626009,66556.47
2024-06-24T00:00:00+00:00,438.626009,439.841512,436.542014,438.017472,64616.82
2024-06-25T00:00:00+00:00,438.017472,441.383283,437.716651,439.729285,80642.77
2024-06-26T00:00:00+00:00,439.729285,440.158705,438.163302,438.460406,69247.76
2024-06-27T00:00:00+00:00,438.460406,441.58589,437.469712,441.381025,67345.39
2024-06-28T00:00:00+00:00,441.381025,443.18068,440.855879,442.942207,63792.58
2024-06-29T00:00:00+00:00,442.942207,446.375663,441.456453,442.020783,53077.03
2024-06-30T00:00:00+00:00,442.020783,446.722584,440.841132,445.610285,28975.0
2024-07-01T00:00:00+00:00,445.610285,453.599801,444.753568,450.770196,34105.4
2024-07-02T00:00:00+00:00,450.770196,452.678798,449.555269,449.974437,34285.56
2024-07-03T00:00:00+00:00,449.974437,450.122363,446.629378,448.843623,46516.91
2024-07-04T00:00:00+00:00,448.843623,454.764989,445.109622,452.852673,94830.37
2024-07-05T00:00:00+00:00,452.852673,459.85642,450.510219,455.020027,55821.41
2024-07-06T00:00:00+00:00,455.020027,457.393787,452.214296,453.109859,82023.94
2024-07-07T00:00:00+00:00,453.109859,453.866957,449.563173,452.888901,72758.24
2024-07-08T00:00:00+00:00,452.888901,460.358971,450.906058,456.51926,34628.57
2024-07-09T00:00:00+00:00,456.51926,464.671265,454.899376,463.708702,74774.8
2024-07-10T00:00:00+00:00,463.708702,471.250506,462.693924,470.076385,56103.38
2024-07-11T00:00:00+00:00,470.076385,475.467624,469.162085,474.847382,24091.5
2024-07-12T00:00:00+00:00,474.847382,475.780611,472.158001,472.845,35121.27
2024-07-13T00:00:00+00:00,472.845,476.686608,471.747512,474.269257,80121.9
2024-07-14T00:00:00+00:00,474.269257,476.02252,470.700787,471.202227,25726.83
2024-07-15T00:00:00+00:00,471.202227,471.972926,457.58349,460.696106,62991.0
2024-07-16T00:00:00+00:00,460.696106,462.097471,456.164518,456.26989,31259.44
2024-07-17T00:00:00+00:00,456.26989,457.18807,456.161787,456.841095,60003.78
2024-07-18T00:00:00+00:00,456.841095,457.315354,451.082742,454.999673,52008.86
2024-07-19T00:00:00+00:00,454.999673,458.341994,454.243339,456.771708,48016.41
2024-07-20T00:00:00+00:00,456.771708,460.622141,453.110776,457.072448,32311.32
2024-07-21T00:00:00+00:00,457.072448,462.519804,456.013134,458.361945,41718.48
2024-07-22T00:00:00+00:00,458.361945,459.54115,454.8226,455.603133,59512.58
2024-07-23T00:00:00+00:00,455.603133,460.236732,455.017337,458.797965,56317.88
2024-07-24T00:00:00+00:00,458.797965,466.61709,458.537332,462.958045,25204.37
2024-07-25T00:00:00+00:00,462.958045,464.337213,453.208445,454.770045,41457.38
2024-07-26T00:00:00+00:00,454.770045,454.967836,451.518614,451.605352,75701.71
2024-07-27T00:00:00+00:00,451.605352,451.904995,450.914164,451.228412,44321.24
2024-07-28T00:00:00+00:00,451.228412,451.420303,447.315326,449.868394,58575.04
2024-07-29T00:00:00+00:00,449.868394,453.040733,443.448075,447.740408,42846.25
2024-07-30T00:00:00+00:00,447.740408,448.508319,446.057628,447.802193,46843.34
2024-07-31T00:00:00+00:00,447.802193,451.279684,447.408491,450.078607,93316.33
2024-08-01T00:00:00+00:00,450.078607,450.667744,440.066856,444.012076,54110.75
2024-08-02T00:00:00+00:00,444.012076,446.79897,438.569558,439.632178,69562.58
2024-08-03T00:00:00+00:00,439.632178,440.233387,433.478517,435.082465,33171.0
2024-08-04T00:00:00+00:00,435.082465,435.999213,431.938352,435.278658,29414.97
2024-08-05T00:00:00+00:00,435.278658,436.868196,433.463085,433.936343,37012.53
2024-08-06T00:00:00+00:00,433.936343,438.3715,433.464005,433.773122,58656.91
2024-08-07T00:00:00+00:00,433.773122,435.682188,425.333338,428.147376,60887.0
2024-08-08T00:00:00+00:00,428.147376,428.856873,421.931575,424.009197,55065.62
2024-08-09T00:00:00+00:00,424.009197,424.884727,422.113165,422.94483,61427.68
2024-08-10T00:00:00+00:00,422.94483,423.939764,418.028568,420.473067,50705.22
2024-08-11T00:00:00+00:00,420.473067,429.836059,420.044805,428.700897,65146.19
2024-08-12T00:00:00+00:00,428.700897,431.87325,428.120122,430.21457,73527.57
2024-08-13T00:00:00+00:00,430.21457,431.54919,394.132841,398.620992,79500.8
2024-08-14T00:00:00+00:00,398.620992,417.306069,398.224418,414.197356,31361.08
2024-08-15T00:00:00+00:00,414.197356,426.160968,398.776256,425.129241,111683.8
2024-08-16T00:00:00+00:00,425.129241,454.205161,423.808898,437.72468,75268.21
2024-08-17T00:00:00+00:00,437.72468,448.382949,430.923579,432.307765,43826.19
2024-08-18T00:00:00+00:00,432.307765,450.951204,423.629282,449.917933,33840.29
2024-08-19T00:00:00+00:00,449.917933,460.025548,441.557564,443.89856,51990.52
2024-08-20T00:00:00+00:00,443.89856,457.78109,436.91483,450.953291,36294.25
2024-08-21T00:00:00+00:00,450.953291,470.006725,446.677135,459.228672,38094.55
2024-08-22T00:00:00+00:00,459.228672,462.878972,431.329618,435.668199,42350.1
2024-08-23T00:00:00+00:00,435.668199,443.80021,400.439653,408.809348,82299.64
2024-08-24T00:00:00+00:00,408.809348,414.341178,403.812011,409.547362,43672.4
2024-08-25T00:00:00+00:00,409.547362,445.074586,402.101865,442.982148,47594.98
2024-08-26T00:00:00+00:00,442.982148,446.32438,404.985956,418.539072,29472.43
2024-08-27T00:00:00+00:00,418.539072,428.459179,402.255202,417.017253,46379.88
2024-08-28T00:00:00+00:00,417.017253,425.835564,404.540277,423.331892,48201.29
2024-08-29T00:00:00+00:00,423.331892,446.677176,407.152832,446.5239,93837.47
2024-08-30T00:00:00+00:00,446.5239,452.447299,416.566944,425.725258,27891.8
2024-08-31T00:00:00+00:00,425.725258,455.787134,421.332962,431.833743,77866.71
2024-09-01T00:00:00+00:00,431.833743,446.725118,413.565998,435.96123,57682.47
2024-09-02T00:00:00+00:00,435.96123,442.193914,409.750898,411.292766,104503.05
2024-09-03T00:00:00+00:00,411.292766,419.982526,396.707639,397.949181,37972.87
2024-09-04T00:00:00+00:00,397.949181,429.714797,392.313261,419.415174,51091.84
2024-09-05T00:00:00+00:00,419.415174,430.305214,407.185886,425.445246,27554.25
2024-09-06T00:00:00+00:00,425.445246,446.279748,417.744436,441.688945,54927.18
2024-09-07T00:00:00+00:00,441.688945,453.537656,440.376053,449.560218,64521.96
2024-09-08T00:00:00+00:00,449.560218,459.562311,444.022181,455.979713,48794.84
2024-09-09T00:00:00+00:00,455.979713,458.202901,454.31134,455.875163,49116.5
2024-09-10T00:00:00+00:00,455.875163,457.77391,452.224324,454.787358,36928.28
2024-09-11T00:00:00+00:00,454.787358,459.822219,452.118859,458.928278,55167.86
2024-09-12T00:00:00+00:00,458.928278,459.840108,454.081643,457.484497,109911.25
2024-09-13T00:00:00+00:00,457.484497,458.791442,450.409636,450.951931,29905.53
2024-09-14T00:00:00+00:00,450.951931,456.229928,449.842976,451.25176,67008.17
2024-09-15T00:00:00+00:00,451.25176,455.607705,448.173196,453.22473,65095.57
2024-09-16T00:00:00+00:00,453.22473,458.279327,440.874841,456.85349,80921.53
2024-09-17T00:00:00+00:00,456.85349,460.469435,437.301854,441.091772,64752.75
2024-09-18T00:00:00+00:00,441.091772,441.766996,434.580145,436.16642,29289.34
2024-09-19T00:00:00+00:00,436.16642,443.756732,430.504805,443.566239,58005.68
2024-09-20T00:00:00+00:00,443.566239,443.575732,440.410682,440.935759,38059.83
2024-09-21T00:00:00+00:00,440.935759,442.246851,437.465166,439.9757,70493.1
2024-09-22T00:00:00+00:00,439.9757,451.357117,433.869265,449.842212,53079.92
2024-09-23T00:00:00+00:00,449.842212,450.996598,444.363297,444.982178,59316.47
2024-09-24T00:00:00+00:00,444.982178,448.105143,431.123127,438.687355,52641.24
2024-09-25T00:00:00+00:00,438.687355,452.059595,437.411316,450.502091,58710.54
2024-09-26T00:00:00+00:00,450.502091,453.047324,449.83761,451.37805,46024.83
2024-09-27T00:00:00+00:00,451.37805,455.737791,451.047661,454.70858,56700.5
2024-09-28T00:00:00+00:00,454.70858,463.585535,454.373167,460.839154,70538.23
2024-09-29T00:00:00+00:00,460.839154,464.739092,451.043399,452.028887,75079.21
2024-09-30T00:00:00+00:00,452.028887,452.616492,445.020174,445.862632,51789.0
2024-10-01T00:00:00+00:00,445.862632,451.765737,444.096292,449.87548,57716.33
2024-10-02T00:00:00+00:00,449.87548,449.981643,438.959214,443.358943,57825.39
2024-10-03T00:00:00+00:00,443.358943,445.157036,438.487525,443.22233,93247.7
2024-10-04T00:00:00+00:00,443.22233,447.806634,439.819311,444.823316,32371.4
2024-10-05T00:00:00+00:00,444.823316,449.718341,443.132722,448.13992,74601.69
2024-10-06T00:00:00+00:00,448.13992,451.847928,441.535351,443.839364,29152.41
2024-10-07T00:00:00+00:00,443.839364,448.122444,442.607814,445.299614,70368.03
2024-10-08T00:00:00+00:00,445.299614,449.316097,440.977595,442.39916,90429.64
2024-10-09T00:00:00+00:00,442.39916,449.172857,436.682649,439.978419,114105.02
2024-10-10T00:00:00+00:00,439.978419,445.055503,438.589401,443.131256,43742.96
2024-10-11T00:00:00+00:00,443.131256,444.657577,439.334115,442.226145,53095.99
2024-10-12T00:00:00+00:00,442.226145,445.883757,430.680724,439.467931,61607.2
2024-10-13T00:00:00+00:00,439.467931,448.143066,437.138864,444.26202,66508.05
2024-10-14T00:00:00+00:00,444.26202,446.125999,439.70802,441.361028,34385.51
2024-10-15T00:00:00+00:00,441.361028,446.61276,436.470272,445.425469,55739.75
2024-10-16T00:00:00+00:00,445.425469,454.053949,444.275009,447.619625,60483.52
2024-10-17T00:00:00+00:00,447.619625,455.454306,446.636494,453.307203,65378.69
2024-10-18T00:00:00+00:00,453.307203,454.157982,447.40758,447.634637,62948.19
2024-10-19T00:00:00+00:00,447.634637,447.870152,439.113867,444.904147,49535.44
2024-10-20T00:00:00+00:00,444.904147,446.151181,443.079755,445.667934,60269.23
2024-10-21T00:00:00+00:00,445.667934,453.985581,444.118922,452.70846,59397.07
2024-10-22T00:00:00+00:00,452.70846,454.275216,446.886617,453.200673,36764.71
2024-10-23T00:00:00+00:00,453.200673,459.213536,444.608799,447.795953,52733.21
2024-10-24T00:00:00+00:00,447.795953,451.553823,443.975395,450.886609,33293.07
2024-10-25T00:00:00+00:00,450.886609,452.891329,450.018939,452.83984,30158.37
2024-10-26T00:00:00+00:00,452.83984,455.649057,446.801462,452.855983,54323.92
2024-10-27T00:00:00+00:00,452.855983,453.18578,443.412242,444.523412,28447.71
2024-10-28T00:00:00+00:00,444.523412,448.700839,438.999136,439.135376,50541.68
2024-10-29T00:00:00+00:00,439.135376,440.061189,435.276229,435.685123,50238.22
2024-10-30T00:00:00+00:00,435.685123,439.432318,432.288836,438.655638,45113.61
2024-10-31T00:00:00+00:00,438.655638,444.376115,436.445493,443.168543,47247.84
2024-11-01T00:00:00+00:00,443.168543,447.284232,439.548271,446.744285,36429.83
2024-11-02T00:00:00+00:00,446.744285,450.996726,446.225463,447.162306,30850.23
2024-11-03T00:00:00+00:00,447.162306,448.757395,445.16061,445.381052,43950.59
2024-11-04T00:00:00+00:00,445.381052,451.666686,441.681934,442.28965,60109.34
2024-11-05T00:00:00+00:00,442.28965,445.913094,441.367476,443.218326,38532.23
2024-11-06T00:00:00+00:00,443.218326,448.453278,442.293251,448.428237,31481.43
2024-11-07T00:00:00+00:00,448.428237,450.664207,441.968547,442.195305,54126.18
2024-11-08T00:00:00+00:00,442.195305,442.429899,430.097387,435.094123,57254.88
2024-11-09T00:00:00+00:00,435.094123,439.160596,432.542141,438.510474,61244.03
2024-11-10T00:00:00+00:00,438.510474,441.367914,437.838921,438.076505,22970.71
2024-11-11T00:00:00+00:00,438.076505,443.791797,437.040407,438.042774,40698.05
2024-11-12T00:00:00+00:00,438.042774,443.358766,437.709575,439.62045,46521.06
2024-11-13T00:00:00+00:00,439.62045,451.47852,439.494517,445.668143,29045.07
2024-11-14T00:00:00+00:00,445.668143,457.16573,441.329067,457.104109,49702.79
2024-11-15T00:00:00+00:00,457.104109,462.749627,453.876393,461.674686,46021.57
2024-11-16T00:00:00+00:00,461.674686,472.858052,456.171849,467.764992,72918.6
2024-11-17T00:00:00+00:00,467.764992,468.500506,462.559366,467.565056,42686.71
2024-11-18T00:00:00+00:00,467.565056,474.815993,466.706429,470.476354,64678.19
2024-11-19T00:00:00+00:00,470.476354,475.170434,466.638888,470.86509,37460.28
2024-11-20T00:00:00+00:00,470.86509,480.233615,468.267673,476.236357,48649.28
2024-11-21T00:00:00+00:00,476.236357,478.905481,473.123285,477.626177,46919.35
2024-11-22T00:00:00+00:00,477.626177,479.757336,466.118647,468.234149,58123.96
2024-11-23T00:00:00+00:00,468.234149,468.665992,459.526443,463.085803,58921.58
2024-11-24T00:00:00+00:00,463.085803,467.700966,454.973141,455.876946,27225.26
2024-11-25T00:00:00+00:00,455.876946,456.106745,452.704365,453.915912,29946.09
2024-11-26T00:00:00+00:00,453.915912,459.054889,453.675772,456.838025,39828.09
2024-11-27T00:00:00+00:00,456.838025,467.25563,456.735963,467.242027,60990.13
2024-11-28T00:00:00+00:00,467.242027,473.217379,465.782661,469.854037,32411.6
2024-11-29T00:00:00+00:00,469.854037,482.492396,464.891282,477.827871,31193.68
2024-11-30T00:00:00+00:00,477.827871,480.442199,474.525775,479.731126,86061.81
2024-12-01T00:00:00+00:00,479.731126,480.957802,475.269421,477.314937,86516.61
2024-12-02T00:00:00+00:00,477.314937,482.719824,472.960523,482.228821,37425.34
2024-12-03T00:00:00+00:00,482.228821,489.454138,477.841425,485.174615,38975.78
2024-12-04T00:00:00+00:00,485.174615,488.0685,481.810312,487.184359,62397.73
2024-12-05T00:00:00+00:00,487.184359,491.461457,483.134906,485.662707,60549.84
2024-12-06T00:00:00+00:00,485.662707,491.265037,481.929373,486.201723,31794.25
2024-12-07T00:00:00+00:00,486.201723,493.654766,485.894532,490.352619,59040.71
2024-12-08T00:00:00+00:00,490.352619,491.349216,487.168704,487.453441,58910.48
2024-12-09T00:00:00+00:00,487.453441,490.085266,474.892713,479.644552,75461.91
2024-12-10T00:00:00+00:00,479.644552,482.436515,477.535629,479.515022,45175.83
2024-12-11T00:00:00+00:00,479.515022,485.24281,473.096063,477.330308,35940.66
2024-12-12T00:00:00+00:00,477.330308,489.054832,472.672172,486.141528,61859.39
2024-12-13T00:00:00+00:00,486.141528,489.768029,479.778934,486.801069,109237.9
2024-12-14T00:00:00+00:00,486.801069,495.038473,484.671716,492.363144,36828.32
2024-12-15T00:00:00+00:00,492.363144,499.434636,492.274824,496.436255,62105.58
2024-12-16T00:00:00+00:00,496.436255,505.847781,494.895036,499.968428,42131.77
2024-12-17T00:00:00+00:00,499.968428,508.917554,496.622576,508.425199,85310.28
2024-12-18T00:00:00+00:00,508.425199,516.005706,506.847786,515.38797,49825.04
2024-12-19T00:00:00+00:00,515.38797,517.440696,512.20824,516.466843,39534.54
2024-12-20T00:00:00+00:00,516.466843,521.252434,509.711128,512.711273,25424.62
2024-12-21T00:00:00+00:00,512.711273,518.916369,509.153281,518.842847,29541.31
2024-12-22T00:00:00+00:00,518.842847,524.248958,518.427642,519.131175,27997.94
2024-12-23T00:00:00+00:00,519.131175,519.493471,511.382024,518.150376,63489.04
2024-12-24T00:00:00+00:00,518.150376,521.772379,513.608154,520.711438,43432.09
2024-12-25T00:00:00+00:00,520.711438,525.064519,519.020936,522.804714,42446.5
2024-12-26T00:00:00+00:00,522.804714,526.553098,516.028594,517.382154,26436.88
2024-12-27T00:00:00+00:00,517.382154,520.277216,514.441268,517.29608,70269.2
2024-12-28T00:00:00+00:00,517.29608,520.445411,509.089541,515.570807,50238.2
2024-12-29T00:00:00+00:00,515.570807,521.411161,508.068056,510.705541,29192.69
2024-12-30T00:00:00+00:00,510.705541,513.390751,504.744703,509.149759,35001.54
2024-12-31T00:00:00+00:00,509.149759,511.733041,509.102443,509.530426,56621.01
2025-01-01T00:00:00+00:00,509.530426,517.236869,504.143001,513.136263,66830.57
2025-01-02T00:00:00+00:00,513.136263,513.858095,506.171257,509.628217,37841.15
2025-01-03T00:00:00+00:00,509.628217,511.255906,505.648627,511.019754,43532.73
2025-01-04T00:00:00+00:00,511.019754,526.505751,509.291424,520.952516,40384.86
2025-01-05T00:00:00+00:00,520.952516,524.925225,501.734505,504.311396,59726.84
2025-01-06T00:00:00+00:00,504.311396,511.953202,500.299966,507.183904,37393.85
2025-01-07T00:00:00+00:00,507.183904,509.393987,498.047491,500.217317,46168.7
2025-01-08T00:00:00+00:00,500.217317,503.321749,492.457872,497.067929,43439.0
2025-01-09T00:00:00+00:00,497.067929,499.413493,493.406146,496.195787,42684.4
2025-01-10T00:00:00+00:00,496.195787,514.392875,494.503057,512.090106,48211.61
2025-01-11T00:00:00+00:00,512.090106,521.020057,509.783384,516.300841,46870.49
2025-01-12T00:00:00+00:00,516.300841,524.141808,513.905474,523.441921,46305.79
2025-01-13T00:00:00+00:00,523.441921,527.436837,521.94154,525.686123,30475.31
2025-01-14T00:00:00+00:00,525.686123,546.16252,523.721257,538.722195,47686.93
2025-01-15T00:00:00+00:00,538.722195,540.680372,527.936855,535.305968,76724.29
2025-01-16T00:00:00+00:00,535.305968,544.045944,534.647928,543.07648,30726.9
2025-01-17T00:00:00+00:00,543.07648,554.222792,537.350041,549.396322,53394.19
2025-01-18T00:00:00+00:00,549.396322,551.573099,542.863305,548.223179,42726.56
2025-01-19T00:00:00+00:00,548.223179,552.900029,544.097753,545.763936,95482.41
2025-01-20T00:00:00+00:00,545.763936,550.874092,544.192447,550.18999,56667.01
2025-01-21T00:00:00+00:00,550.18999,555.383579,545.504316,545.561223,54632.39
2025-01-22T00:00:00+00:00,545.561223,547.844091,544.400509,545.682582,64424.73
2025-01-23T00:00:00+00:00,545.682582,550.458327,544.149064,545.779931,61755.04
2025-01-24T00:00:00+00:00,545.779931,553.909343,543.104015,548.856579,60873.79
2025-01-25T00:00:00+00:00,548.856579,553.23661,542.087366,552.811626,76113.76
2025-01-26T00:00:00+00:00,552.811626,558.950344,551.186123,555.801938,54754.7
2025-01-27T00:00:00+00:00,555.801938,567.199469,549.023985,567.062997,32606.5
2025-01-28T00:00:00+00:00,567.062997,571.92937,561.566935,565.175984,44337.29
2025-01-29T00:00:00+00:00,565.175984,565.238732,554.022302,557.793104,109756.43
2025-01-30T00:00:00+00:00,557.793104,561.652092,554.983137,556.036254,34924.49
2025-01-31T00:00:00+00:00,556.036254,558.212431,553.616934,558.035029,36356.26
2025-02-01T00:00:00+00:00,558.035029,567.888979,556.420103,567.664535,48223.86
2025-02-02T00:00:00+00:00,567.664535,571.265561,554.437951,560.505136,58992.69
2025-02-03T00:00:00+00:00,560.505136,563.553845,560.050158,560.389028,67834.05
2025-02-04T00:00:00+00:00,560.389028,568.109517,556.663996,556.863435,64139.86
2025-02-05T00:00:00+00:00,556.863435,560.015793,551.293094,552.135142,52078.99
2025-02-06T00:00:00+00:00,552.135142,565.5645,550.746196,558.140141,85962.07
2025-02-07T00:00:00+00:00,558.140141,574.166681,556.57387,571.973173,84970.79
2025-02-08T00:00:00+00:00,571.973173,574.180974,567.800252,568.322373,42829.45
2025-02-09T00:00:00+00:00,568.322373,572.433597,562.655568,565.02714,29962.78
2025-02-10T00:00:00+00:00,565.02714,568.708542,561.094372,567.506176,77131.77
2025-02-11T00:00:00+00:00,567.506176,577.178849,565.060836,565.775055,46276.54
2025-02-12T00:00:00+00:00,565.775055,566.806523,561.699749,563.101869,68222.21
2025-02-13T00:00:00+00:00,563.101869,574.999794,562.057885,564.513482,46594.72
2025-02-14T00:00:00+00:00,564.513482,565.65628,553.250412,553.512352,50237.45
2025-02-15T00:00:00+00:00,553.512352,564.906534,548.928995,564.402146,54598.17
2025-02-16T00:00:00+00:00,564.402146,570.275307,563.336484,567.659817,105426.72
2025-02-17T00:00:00+00:00,567.659817,567.735304,561.504743,561.894986,112773.87
2025-02-18T00:00:00+00:00,561.894986,567.494045,554.539555,556.594908,48552.1
2025-02-19T00:00:00+00:00,556.594908,559.884798,556.526191,558.139478,39799.52
2025-02-20T00:00:00+00:00,558.139478,560.823232,548.366618,552.071718,44542.31
2025-02-21T00:00:00+00:00,552.071718,557.014698,550.413946,554.874328,48176.28
2025-02-22T00:00:00+00:00,554.874328,558.299069,553.691748,557.763064,41277.01
2025-02-23T00:00:00+00:00,557.763064,566.295057,556.128197,561.766134,42879.87
2025-02-24T00:00:00+00:00,561.766134,563.493536,556.916958,558.655502,52024.39
2025-02-25T00:00:00+00:00,558.655502,565.420051,557.801781,562.590396,41771.79
2025-02-26T00:00:00+00:00,562.590396,565.3305,558.070822,558.681353,77458.23
2025-02-27T00:00:00+00:00,558.681353,572.807402,555.296354,569.407836,44239.77
2025-02-28T00:00:00+00:00,569.407836,571.889682,566.970876,569.403751,45770.12
2025-03-01T00:00:00+00:00,569.403751,575.454633,563.464613,575.135898,74290.49
2025-03-02T00:00:00+00:00,575.135898,576.228094,573.640791,575.796272,33229.48
2025-03-03T00:00:00+00:00,575.796272,588.631559,568.318708,584.355909,44310.97
2025-03-04T00:00:00+00:00,584.355909,589.716432,584.07533,588.088988,69368.45
2025-03-05T00:00:00+00:00,588.088988,597.760444,583.933286,593.775384,78635.6
2025-03-06T00:00:00+00:00,593.775384,595.564511,591.871411,592.303259,47918.69
2025-03-07T00:00:00+00:00,592.303259,611.91174,586.120544,608.521896,32254.0
2025-03-08T00:00:00+00:00,608.521896,610.10114,589.753725,593.868645,51653.02
2025-03-09T00:00:00+00:00,593.868645,603.118862,592.67811,597.772667,41917.3
2025-03-10T00:00:00+00:00,597.772667,603.739655,595.988499,602.371172,59398.52
2025-03-11T00:00:00+00:00,602.371172,611.116506,600.448038,610.867562,69421.88
2025-03-12T00:00:00+00:00,610.867562,612.803023,610.656034,611.11734,46192.57
2025-03-13T00:00:00+00:00,611.11734,623.081011,609.715262,622.414298,40405.65
2025-03-14T00:00:00+00:00,622.414298,623.65978,615.100873,616.815467,36795.54
2025-03-15T00:00:00+00:00,616.815467,630.677041,614.536758,620.461827,52540.28
2025-03-16T00:00:00+00:00,620.461827,624.785372,619.563118,623.542662,112222.97
2025-03-17T00:00:00+00:00,623.542662,629.22029,621.586255,625.845155,44112.77
2025-03-18T00:00:00+00:00,625.845155,626.523916,616.699895,619.714049,62333.58
2025-03-19T00:00:00+00:00,619.714049,620.722482,603.769247,615.995374,59806.21
2025-03-20T00:00:00+00:00,615.995374,616.608209,609.995348,610.507497,45400.05
2025-03-21T00:00:00+00:00,610.507497,612.226302,606.345919,611.298378,48131.75
2025-03-22T00:00:00+00:00,611.298378,612.560765,604.008833,606.097789,45714.38
2025-03-23T00:00:00+00:00,606.097789,608.845755,604.836008,605.654287,55423.02
2025-03-24T00:00:00+00:00,605.654287,617.884,605.510766,615.639488,86587.42
2025-03-25T00:00:00+00:00,615.639488,619.697418,614.773029,617.769452,51149.53
2025-03-26T00:00:00+00:00,617.769452,619.059999,610.663002,614.506181,65018.28
2025-03-27T00:00:00+00:00,614.506181,624.490785,612.422101,620.503841,78634.43
2025-03-28T00:00:00+00:00,620.503841,624.116202,619.500748,622.768339,40686.11
2025-03-29T00:00:00+00:00,622.768339,623.198387,616.32362,620.884965,41418.98
2025-03-30T00:00:00+00:00,620.884965,624.840279,619.852559,623.697482,66796.28
2025-03-31T00:00:00+00:00,623.697482,630.004496,621.326127,628.211092,66905.37
2025-04-01T00:00:00+00:00,628.211092,628.732908,620.769673,621.286967,98864.36
2025-04-02T00:00:00+00:00,621.286967,623.565446,618.337666,620.557975,47936.01
2025-04-03T00:00:00+00:00,620.557975,627.546922,617.252834,624.393442,60319.32
2025-04-04T00:00:00+00:00,624.393442,625.918101,621.283821,624.610149,37989.33
2025-04-05T00:00:00+00:00,624.610149,624.780244,618.496214,621.340961,43989.43
2025-04-06T00:00:00+00:00,621.340961,625.960334,618.814462,624.779745,32819.53
2025-04-07T00:00:00+00:00,624.779745,625.40132,617.665205,619.156581,75825.86
2025-04-08T00:00:00+00:00,619.156581,619.171402,610.933852,614.395932,49257.43
2025-04-09T00:00:00+00:00,614.395932,616.516481,610.423638,612.736428,59000.22
2025-04-10T00:00:00+00:00,612.736428,614.629289,607.39126,608.408083,29534.65
2025-04-11T00:00:00+00:00,608.408083,617.150049,607.24457,616.420229,32263.88
2025-04-12T00:00:00+00:00,616.420229,618.077485,613.248609,614.988893,137997.52
2025-04-13T00:00:00+00:00,614.988893,624.3135,613.809923,623.152018,35406.78
2025-04-14T00:00:00+00:00,623.152018,626.320898,620.812136,625.002213,49545.64
2025-04-15T00:00:00+00:00,625.002213,631.552537,622.563353,631.190746,20348.24
2025-04-16T00:00:00+00:00,631.190746,635.039066,629.734476,632.028299,48762.31
2025-04-17T00:00:00+00:00,632.028299,646.866371,631.976372,643.664687,114084.21
2025-04-18T00:00:00+00:00,643.664687,644.870388,641.65607,642.908833,46046.89
2025-04-19T00:00:00+00:00,642.908833,643.276003,641.332199,642.333753,31561.59
2025-04-20T00:00:00+00:00,642.333753,645.639865,628.152108,631.942627,45571.9
2025-04-21T00:00:00+00:00,631.942627,637.403625,627.269484,634.261687,50945.61
2025-04-22T00:00:00+00:00,634.261687,644.841776,630.566203,639.23883,78806.87
2025-04-23T00:00:00+00:00,639.23883,644.051281,622.592599,625.73034,64616.16
2025-04-24T00:00:00+00:00,625.73034,630.82885,600.798491,605.422648,102366.84
2025-04-25T00:00:00+00:00,605.422648,607.789429,591.188509,596.688808,88922.17
2025-04-26T00:00:00+00:00,596.688808,605.268148,591.084866,603.767551,35931.01
2025-04-27T00:00:00+00:00,603.767551,606.033995,596.858014,599.704989,52520.77
2025-04-28T00:00:00+00:00,599.704989,617.326424,591.895803,615.923148,63852.51
2025-04-29T00:00:00+00:00,615.923148,621.671718,584.581365,588.935017,46340.13
2025-04-30T00:00:00+00:00,588.935017,604.344261,588.184789,598.138373,64270.9
2025-05-01T00:00:00+00:00,598.138373,598.874455,587.164073,594.690251,78085.16
2025-05-02T00:00:00+00:00,594.690251,611.408231,588.114319,608.774248,57789.02
2025-05-03T00:00:00+00:00,608.774248,614.766733,607.878267,608.631461,74752.4
2025-05-04T00:00:00+00:00,608.631461,610.073035,588.177368,602.118753,32868.06
2025-05-05T00:00:00+00:00,602.118753,605.161717,592.520248,593.997766,47015.55
2025-05-06T00:00:00+00:00,593.997766,607.095942,586.282077,597.036273,48497.77
2025-05-07T00:00:00+00:00,597.036273,604.951093,587.448296,596.523231,78755.76
2025-05-08T00:00:00+00:00,596.523231,620.061243,593.189327,618.926985,49851.78
2025-05-09T00:00:00+00:00,618.926985,633.59617,612.772657,615.928597,46641.39
2025-05-10T00:00:00+00:00,615.928597,626.053373,601.78599,625.203372,35660.97
2025-05-11T00:00:00+00:00,625.203372,626.540919,615.170263,623.664317,44312.66
2025-05-12T00:00:00+00:00,623.664317,630.380439,616.625372,621.640289,35058.25
2025-05-13T00:00:00+00:00,621.640289,645.21214,616.091828,636.041476,60869.19
2025-05-14T00:00:00+00:00,636.041476,647.005124,630.069343,630.288339,34898.53
2025-05-15T00:00:00+00:00,630.288339,641.678268,627.630767,637.920104,54839.71
2025-05-16T00:00:00+00:00,637.920104,639.608457,632.011081,636.296606,42684.87
2025-05-17T00:00:00+00:00,636.296606,643.076349,628.161131,634.817562,35740.65
2025-05-18T00:00:00+00:00,634.817562,646.726637,631.600135,635.747382,93936.24
2025-05-19T00:00:00+00:00,635.747382,644.212974,634.396774,634.677098,32401.88
2025-05-20T00:00:00+00:00,634.677098,637.864647,626.671617,634.896249,58877.14
2025-05-21T00:00:00+00:00,634.896249,635.342794,619.124459,622.643,49830.03
2025-05-22T00:00:00+00:00,622.643,634.574692,619.446584,629.743119,66279.61
2025-05-23T00:00:00+00:00,629.743119,631.91975,614.110675,615.956332,28623.27
2025-05-24T00:00:00+00:00,615.956332,618.374473,594.43751,600.692216,30987.12
2025-05-25T00:00:00+00:00,600.692216,609.300783,593.543086,593.87436,32943.2
2025-05-26T00:00:00+00:00,593.87436,609.107435,587.961864,604.668543,44847.05
2025-05-27T00:00:00+00:00,604.668543,604.683242,590.978654,596.509734,48639.31
2025-05-28T00:00:00+00:00,596.509734,606.947276,594.261292,601.127667,60895.91
2025-05-29T00:00:00+00:00,601.127667,609.176781,592.946117,600.491979,40395.43
2025-05-30T00:00:00+00:00,600.491979,603.306378,588.316092,593.215663,39931.58
2025-05-31T00:00:00+00:00,593.215663,598.969553,578.636908,585.530932,41894.74
2025-06-01T00:00:00+00:00,585.530932,586.665323,559.606217,576.828648,57480.37
2025-06-02T00:00:00+00:00,576.828648,578.573989,572.830285,577.750544,93503.75
2025-06-03T00:00:00+00:00,577.750544,578.630018,574.087008,575.032373,35124.63
2025-06-04T00:00:00+00:00,575.032373,576.086488,572.521873,574.790548,74887.82
2025-06-05T00:00:00+00:00,574.790548,582.346604,574.202057,581.395538,37117.91
2025-06-06T00:00:00+00:00,581.395538,591.356328,577.889067,588.219868,55349.62
2025-06-07T00:00:00+00:00,588.219868,589.64923,584.440918,586.864333,51679.59
2025-06-08T00:00:00+00:00,586.864333,590.288457,585.836604,589.917111,30784.47
2025-06-09T00:00:00+00:00,589.917111,593.370853,582.135783,590.129331,17605.84
2025-06-10T00:00:00+00:00,590.129331,600.907602,585.949742,595.363016,56398.67
2025-06-11T00:00:00+00:00,595.363016,596.894182,586.684381,590.65241,65039.38
2025-06-12T00:00:00+00:00,590.65241,598.74412,589.54278,595.591517,41926.04
2025-06-13T00:00:00+00:00,595.591517,600.064382,594.004792,599.848831,66631.12
2025-06-14T00:00:00+00:00,599.848831,603.064213,596.602835,601.374601,32548.43
2025-06-15T00:00:00+00:00,601.374601,602.881997,596.880468,598.287147,38850.47
2025-06-16T00:00:00+00:00,598.287147,599.427246,596.904909,598.166927,38323.02
2025-06-17T00:00:00+00:00,598.166927,600.413074,597.156743,598.251766,63926.44
2025-06-18T00:00:00+00:00,598.251766,610.407603,596.09831,608.59525,45960.82
2025-06-19T00:00:00+00:00,608.59525,616.513675,607.612633,608.094013,45711.84
2025-06-20T00:00:00+00:00,608.094013,608.696638,602.526447,606.081331,44436.49
2025-06-21T00:00:00+00:00,606.081331,608.627463,605.618999,608.352948,38033.08
2025-06-22T00:00:00+00:00,608.352948,614.398052,601.73646,611.415177,45063.98
2025-06-23T00:00:00+00:00,611.415177,611.817754,603.216517,607.113947,51373.62
2025-06-24T00:00:00+00:00,607.113947,614.840903,602.860324,605.576228,31905.15
2025-06-25T00:00:00+00:00,605.576228,615.324103,597.44964,613.279929,46362.93
2025-06-26T00:00:00+00:00,613.279929,620.181417,612.669651,616.017741,99672.7
2025-06-27T00:00:00+00:00,616.017741,624.170922,611.358093,621.730513,62962.28
2025-06-28T00:00:00+00:00,621.730513,623.152226,620.554059,621.581663,39462.02
2025-06-29T00:00:00+00:00,621.581663,637.377027,621.009411,631.358727,65011.04
2025-06-30T00:00:00+00:00,631.358727,634.488048,626.369434,629.217763,28814.06
2025-07-01T00:00:00+00:00,629.217763,632.945653,618.709289,619.079029,21682.85
2025-07-02T00:00:00+00:00,619.079029,620.723901,612.950594,613.839309,50794.17
2025-07-03T00:00:00+00:00,613.839309,625.528834,612.486687,622.99668,54801.78
2025-07-04T00:00:00+00:00,622.99668,623.432215,622.637336,623.335449,44527.2
2025-07-05T00:00:00+00:00,623.335449,633.752738,623.184328,632.535992,48872.73
2025-07-06T00:00:00+00:00,632.535992,637.588456,629.782242,633.331416,58733.23
2025-07-07T00:00:00+00:00,633.331416,638.328504,630.333247,637.228899,43766.22
2025-07-08T00:00:00+00:00,637.228899,641.431651,635.358052,641.001577,27555.99
2025-07-09T00:00:00+00:00,641.001577,646.228334,638.649065,640.646303,47783.07
2025-07-10T00:00:00+00:00,640.646303,645.589448,636.787706,645.252167,79268.76
2025-07-11T00:00:00+00:00,645.252167,646.818056,642.96605,645.703526,102264.13
2025-07-12T00:00:00+00:00,645.703526,652.339214,642.897185,648.749368,43373.68
2025-07-13T00:00:00+00:00,648.749368,653.95088,644.62488,648.588775,37102.79
2025-07-14T00:00:00+00:00,648.588775,656.20422,643.510125,654.688724,52117.92
2025-07-15T00:00:00+00:00,654.688724,658.04739,650.65679,657.615421,66182.06
2025-07-16T00:00:00+00:00,657.615421,670.78998,656.44475,666.603726,46343.55
2025-07-17T00:00:00+00:00,666.603726,673.889219,664.800054,673.449848,100661.37
2025-07-18T00:00:00+00:00,673.449848,681.396464,673.312927,676.411137,65165.01
2025-07-19T00:00:00+00:00,676.411137,679.256591,664.833181,667.445654,65337.8
2025-07-20T00:00:00+00:00,667.445654,670.827091,665.217456,666.600147,26273.62
2025-07-21T00:00:00+00:00,666.600147,671.826316,654.694441,658.859352,23487.47
2025-07-22T00:00:00+00:00,658.859352,662.344633,655.269246,657.776557,42038.47
2025-07-23T00:00:00+00:00,657.776557,662.106284,646.354082,646.444421,33638.41
2025-07-24T00:00:00+00:00,646.444421,650.163948,642.078445,646.837234,54367.72
2025-07-25T00:00:00+00:00,646.837234,650.02033,643.395742,648.110475,73447.31
2025-07-26T00:00:00+00:00,648.110475,660.23562,646.370449,659.647446,149310.91
2025-07-27T00:00:00+00:00,659.647446,663.502155,656.023546,663.357887,40280.31
2025-07-28T00:00:00+00:00,663.357887,670.501327,662.091611,666.303695,31288.24
2025-07-29T00:00:00+00:00,666.303695,666.419377,660.33335,662.409336,33402.98
2025-07-30T00:00:00+00:00,662.409336,670.830625,655.167747,665.769092,36924.74
2025-07-31T00:00:00+00:00,665.769092,668.853503,653.040063,659.186263,69168.82
2025-08-01T00:00:00+00:00,659.186263,668.625624,658.590356,665.599761,25807.26
2025-08-02T00:00:00+00:00,665.599761,667.839374,656.469089,658.924594,32059.36
2025-08-03T00:00:00+00:00,658.924594,664.294218,655.045757,658.093832,42836.12
2025-08-04T00:00:00+00:00,658.093832,659.169249,653.663552,654.210174,28293.41
2025-08-05T00:00:00+00:00,654.210174,658.977837,652.00174,654.072361,53154.79
2025-08-06T00:00:00+00:00,654.072361,654.707028,650.107453,650.565614,55538.95
2025-08-07T00:00:00+00:00,650.565614,657.379068,650.092396,653.763343,61486.97
2025-08-08T00:00:00+00:00,653.763343,659.139561,651.621105,656.832879,35200.06
2025-08-09T00:00:00+00:00,656.832879,658.745741,654.352,656.60839,47947.34
2025-08-10T00:00:00+00:00,656.60839,660.807418,654.587703,658.957215,40869.95
2025-08-11T00:00:00+00:00,658.957215,660.938224,655.698116,659.681477,39695.62
2025-08-12T00:00:00+00:00,659.681477,664.442636,659.6521,663.614584,41087.08
2025-08-13T00:00:00+00:00,663.614584,670.425485,663.304427,668.987372,37822.57
2025-08-14T00:00:00+00:00,668.987372,675.530936,665.731726,671.832405,64656.42
2025-08-15T00:00:00+00:00,671.832405,675.033867,666.047605,668.992374,85609.05
2025-08-16T00:00:00+00:00,668.992374,673.867103,667.452937,672.753427,28429.23
2025-08-17T00:00:00+00:00,672.753427,676.284717,666.584993,667.199675,31701.49
2025-08-18T00:00:00+00:00,667.199675,670.535552,666.999407,667.369419,87891.55
2025-08-19T00:00:00+00:00,667.369419,670.226917,653.966321,655.902923,44833.79
2025-08-20T00:00:00+00:00,655.902923,671.103626,651.417657,666.801914,47925.03
2025-08-21T00:00:00+00:00,666.801914,667.307902,664.884842,665.511968,37502.12
2025-08-22T00:00:00+00:00,665.511968,674.555461,663.833034,673.518416,27282.27
2025-08-23T00:00:00+00:00,673.518416,678.103427,666.485157,670.666256,74626.6
2025-08-24T00:00:00+00:00,670.666256,673.514076,664.242601,672.557188,38761.97
2025-08-25T00:00:00+00:00,672.557188,672.832361,658.993525,662.166511,48953.11
2025-08-26T00:00:00+00:00,662.166511,668.625649,659.543618,665.414134,40915.82
2025-08-27T00:00:00+00:00,665.414134,666.000346,660.637111,661.814855,68880.95
2025-08-28T00:00:00+00:00,661.814855,664.790848,656.682969,659.449549,65430.62
2025-08-29T00:00:00+00:00,659.449549,662.336123,654.101804,656.797744,51215.19
2025-08-30T00:00:00+00:00,656.797744,667.581814,651.897805,660.135481,37360.35
2025-08-31T00:00:00+00:00,660.135481,675.33472,656.065451,665.977262,28763.34
2025-09-01T00:00:00+00:00,665.977262,666.271534,659.378929,661.355375,42902.77
2025-09-02T00:00:00+00:00,661.355375,662.39804,648.6545,652.707929,42366.79
2025-09-03T00:00:00+00:00,652.707929,656.75315,630.341749,639.451342,52201.11
2025-09-04T00:00:00+00:00,639.451342,646.101221,609.981094,618.805105,41846.05
2025-09-05T00:00:00+00:00,618.805105,642.997889,556.361385,560.53447,53514.89
2025-09-06T00:00:00+00:00,560.53447,561.252808,538.002308,540.456474,43435.19
2025-09-07T00:00:00+00:00,540.456474,551.597405,531.155245,547.384629,50968.89
2025-09-08T00:00:00+00:00,547.384629,558.667381,542.304476,556.338077,63142.98
2025-09-09T00:00:00+00:00,556.338077,568.813988,554.632453,558.081293,91579.82
2025-09-10T00:00:00+00:00,558.081293,572.77874,532.79126,532.913676,60730.3
2025-09-11T00:00:00+00:00,532.913676,566.167751,527.186228,549.585481,29828.5
2025-09-12T00:00:00+00:00,549.585481,574.555734,538.712866,573.461025,49447.89
2025-09-13T00:00:00+00:00,573.461025,576.993399,543.374079,552.432464,62885.64
2025-09-14T00:00:00+00:00,552.432464,601.918317,549.278872,574.077125,64152.99
2025-09-15T00:00:00+00:00,574.077125,574.819564,563.544739,573.032136,43277.96
2025-09-16T00:00:00+00:00,573.032136,578.343313,556.718878,566.072226,57541.5
2025-09-17T00:00:00+00:00,566.072226,574.405186,557.204553,562.055786,32628.24
2025-09-18T00:00:00+00:00,562.055786,571.165816,560.538105,564.698643,44812.28
2025-09-19T00:00:00+00:00,564.698643,607.801686,554.516012,592.797627,32081.59
2025-09-20T00:00:00+00:00,592.797627,602.208617,578.121645,578.932715,49162.08
2025-09-21T00:00:00+00:00,578.932715,585.139382,519.845011,535.055471,71291.69
2025-09-22T00:00:00+00:00,535.055471,548.172992,508.412211,518.114354,37928.46
2025-09-23T00:00:00+00:00,518.114354,522.234561,491.126711,513.951457,145436.4
2025-09-24T00:00:00+00:00,513.951457,523.259393,489.100304,493.12837,68489.0
2025-09-25T00:00:00+00:00,493.12837,509.863631,492.876276,498.295578,64181.7
2025-09-26T00:00:00+00:00,498.295578,510.573189,469.547153,473.360699,55013.4
2025-09-27T00:00:00+00:00,473.360699,486.68315,470.331469,482.228484,70687.1
2025-09-28T00:00:00+00:00,482.228484,483.544486,477.818661,477.994006,58545.94
2025-09-29T00:00:00+00:00,477.994006,490.582626,472.546346,488.550966,33764.97
2025-09-30T00:00:00+00:00,488.550966,493.045479,480.105079,481.833681,55038.79
2025-10-01T00:00:00+00:00,481.833681,490.398193,480.611327,487.153815,78319.03
2025-10-02T00:00:00+00:00,487.153815,491.216513,484.06216,490.37815,45186.22
2025-10-03T00:00:00+00:00,490.37815,500.48638,488.450233,494.881214,40513.63
2025-10-04T00:00:00+00:00,494.881214,504.014947,484.621972,502.80644,51069.0
2025-10-05T00:00:00+00:00,502.80644,509.360094,499.731792,505.601177,29205.29
2025-10-06T00:00:00+00:00,505.601177,515.154315,503.510847,515.011309,42744.9
2025-10-07T00:00:00+00:00,515.011309,516.447606,505.478349,510.089279,65457.74
2025-10-08T00:00:00+00:00,510.089279,513.35354,508.336017,509.863288,37634.47
2025-10-09T00:00:00+00:00,509.863288,510.714741,505.468252,508.195076,55306.66
2025-10-10T00:00:00+00:00,508.195076,509.806039,494.248911,497.568131,79674.9
2025-10-11T00:00:00+00:00,497.568131,499.483058,486.807504,490.717532,84729.19
2025-10-12T00:00:00+00:00,490.717532,491.041326,483.179449,483.444613,55520.27
2025-10-13T00:00:00+00:00,483.444613,489.650058,480.49289,482.028922,40378.92
2025-10-14T00:00:00+00:00,482.028922,482.526786,474.557996,476.962907,45389.61
2025-10-15T00:00:00+00:00,476.962907,480.170668,475.573269,479.441729,56568.26
2025-10-16T00:00:00+00:00,479.441729,485.263621,479.277473,481.799123,41093.14
2025-10-17T00:00:00+00:00,481.799123,493.432153,481.315024,486.416953,35436.63
2025-10-18T00:00:00+00:00,486.416953,490.448557,472.939839,488.089152,27548.09
2025-10-19T00:00:00+00:00,488.089152,492.8101,483.197476,487.989163,42643.09
2025-10-20T00:00:00+00:00,487.989163,489.628534,479.075727,481.88032,38119.12
2025-10-21T00:00:00+00:00,481.88032,482.29412,478.786497,479.93688,49200.71
2025-10-22T00:00:00+00:00,479.93688,487.893726,476.01676,484.963016,72053.69
2025-10-23T00:00:00+00:00,484.963016,489.815847,482.288855,483.873998,39680.05
2025-10-24T00:00:00+00:00,483.873998,484.298804,480.259616,481.892711,102990.31
2025-10-25T00:00:00+00:00,481.892711,483.064758,474.61726,475.134567,50255.38
2025-10-26T00:00:00+00:00,475.134567,475.22953,462.760031,466.434926,43255.61
2025-10-27T00:00:00+00:00,466.434926,469.214628,460.60976,462.899727,21491.87
2025-10-28T00:00:00+00:00,462.899727,465.989813,449.845837,452.493443,59910.87
2025-10-29T00:00:00+00:00,452.493443,454.894212,443.670171,446.427264,45961.05
2025-10-30T00:00:00+00:00,446.427264,453.5039,431.372979,434.07499,35642.84
2025-10-31T00:00:00+00:00,434.07499,438.939279,433.464918,435.222811,53848.1
2025-11-01T00:00:00+00:00,435.222811,441.570179,430.853074,440.46218,48959.14
2025-11-02T00:00:00+00:00,440.46218,446.301001,437.980295,443.429245,56216.51
2025-11-03T00:00:00+00:00,443.429245,445.85997,440.934638,443.871019,36145.29
2025-11-04T00:00:00+00:00,443.871019,447.861792,441.39442,444.481534,48340.92
2025-11-05T00:00:00+00:00,444.481534,450.127103,443.221509,449.546104,29084.99
2025-11-06T00:00:00+00:00,449.546104,463.944619,447.913411,459.253205,65819.72
2025-11-07T00:00:00+00:00,459.253205,459.654758,454.896391,457.763096,45679.64
2025-11-08T00:00:00+00:00,457.763096,458.807779,447.12915,448.99703,45465.07
2025-11-09T00:00:00+00:00,448.99703,461.391438,443.638903,455.581801,62577.02
2025-11-10T00:00:00+00:00,455.581801,457.626484,454.802126,457.557595,40422.91
2025-11-11T00:00:00+00:00,457.557595,460.652091,453.444217,459.935654,80571.24
2025-11-12T00:00:00+00:00,459.935654,468.20838,457.95423,464.648818,45849.93
2025-11-13T00:00:00+00:00,464.648818,470.201625,460.746261,467.191303,103055.12
2025-11-14T00:00:00+00:00,467.191303,468.744454,461.654476,463.095958,39087.55
2025-11-15T00:00:00+00:00,463.095958,465.276162,455.205371,458.260068,36755.8
2025-11-16T00:00:00+00:00,458.260068,464.078658,454.644002,458.872284,73373.18
2025-11-17T00:00:00+00:00,458.872284,460.011529,452.465639,455.99268,38922.16
2025-11-18T00:00:00+00:00,455.99268,460.494767,454.352577,460.171629,48787.72
2025-11-19T00:00:00+00:00,460.171629,464.287834,457.713936,461.087016,106379.31
2025-11-20T00:00:00+00:00,461.087016,463.28848,454.346087,456.795318,42847.73
2025-11-21T00:00:00+00:00,456.795318,457.052248,450.533133,453.025907,42444.89
2025-11-22T00:00:00+00:00,453.025907,454.566837,442.744483,448.076014,48412.65
2025-11-23T00:00:00+00:00,448.076014,451.148728,447.735996,449.173168,66339.67
2025-11-24T00:00:00+00:00,449.173168,450.757143,445.420277,449.725478,51006.75
2025-11-25T00:00:00+00:00,449.725478,452.924922,445.559671,447.326298,44975.33
2025-11-26T00:00:00+00:00,447.326298,456.3486,445.051147,456.154612,31013.72
2025-11-27T00:00:00+00:00,456.154612,459.225116,453.244322,453.321302,59407.51
2025-11-28T00:00:00+00:00,453.321302,454.699646,448.316513,453.936652,52414.68
2025-11-29T00:00:00+00:00,453.936652,455.671589,447.669248,447.766001,40756.5
2025-11-30T00:00:00+00:00,447.766001,452.722317,441.843062,443.087897,77505.7
2025-12-01T00:00:00+00:00,443.087897,445.005489,442.045595,442.286378,56836.67
2025-12-02T00:00:00+00:00,442.286378,444.564089,440.979267,442.608601,49523.35
2025-12-03T00:00:00+00:00,442.608601,447.45839,427.627607,433.184281,69140.39
2025-12-04T00:00:00+00:00,433.184281,439.951457,431.643182,439.654531,81289.75
2025-12-05T00:00:00+00:00,439.654531,449.029885,433.530095,446.139577,36986.34
2025-12-06T00:00:00+00:00,446.139577,447.076541,439.196738,441.791419,74357.33
2025-12-07T00:00:00+00:00,441.791419,444.28179,437.032379,440.735905,57034.77
2025-12-08T00:00:00+00:00,440.735905,442.14995,430.604613,435.77119,59673.35
2025-12-09T00:00:00+00:00,435.77119,440.853276,433.429227,440.296134,22253.88
2025-12-10T00:00:00+00:00,440.296134,442.60495,432.764478,442.289446,66230.66
2025-12-11T00:00:00+00:00,442.289446,445.776841,439.904636,444.935068,50918.61
2025-12-12T00:00:00+00:00,444.935068,448.414255,434.117121,437.213783,42551.16
2025-12-13T00:00:00+00:00,437.213783,440.890849,436.297159,438.286142,73007.36
2025-12-14T00:00:00+00:00,438.286142,441.119292,432.85809,434.362006,48383.3
2025-12-15T00:00:00+00:00,434.362006,440.160479,431.271526,435.377225,33899.7
2025-12-16T00:00:00+00:00,435.377225,435.867825,424.327381,427.577558,69635.08
2025-12-17T00:00:00+00:00,427.577558,428.077757,421.763608,424.829784,48183.13
2025-12-18T00:00:00+00:00,424.829784,433.307614,424.089695,432.210977,33857.81
2025-12-19T00:00:00+00:00,432.210977,437.502566,431.898169,436.051948,80645.53
2025-12-20T00:00:00+00:00,436.051948,439.027677,427.221761,428.108096,91193.97
2025-12-21T00:00:00+00:00,428.108096,437.174534,426.742555,431.433821,64868.62
2025-12-22T00:00:00+00:00,431.433821,438.402715,427.714446,436.150647,29226.11
2025-12-23T00:00:00+00:00,436.150647,438.867358,432.319379,438.259354,50142.68
2025-12-24T00:00:00+00:00,438.259354,446.106163,428.790764,431.244312,52565.17
2025-12-25T00:00:00+00:00,431.244312,431.740599,426.189204,428.760988,63403.78
2025-12-26T00:00:00+00:00,428.760988,429.736762,422.386016,428.2975,27314.87
2025-12-27T00:00:00+00:00,428.2975,429.808187,414.638043,419.249519,22973.51
2025-12-28T00:00:00+00:00,419.249519,422.764486,413.888694,415.959458,76820.12
2025-12-29T00:00:00+00:00,415.959458,425.525623,411.197972,422.225245,63288.84
2025-12-30T00:00:00+00:00,422.225245,425.015163,413.711231,418.26319,46993.9
